usage_id,customer_id,week_start_date,active_users,licensed_users,key_feature_events,login_count,adoption_score
use_cus_001_0,cus_001,2026-01-01,25,35,750,300,75.0
use_cus_001_1,cus_001,2026-01-08,25,35,750,300,75.0
use_cus_001_2,cus_001,2026-01-15,25,35,750,300,75.0
use_cus_001_3,cus_001,2026-01-22,25,35,750,300,75.0
use_cus_001_4,cus_001,2026-01-29,25,35,750,300,75.0
use_cus_001_5,cus_001,2026-02-05,25,35,750,300,75.0
use_cus_001_6,cus_001,2026-02-12,25,35,750,300,75.0
use_cus_001_7,cus_001,2026-02-19,25,35,750,300,75.0
use_cus_001_8,cus_001,2026-02-26,25,35,750,300,75.0
use_cus_001_9,cus_001,2026-03-05,25,35,750,300,75.0
use_cus_001_10,cus_001,2026-03-12,25,35,750,300,75.0
use_cus_001_11,cus_001,2026-03-19,25,35,750,300,75.0
use_cus_001_12,cus_001,2026-03-26,25,35,750,300,75.0
use_cus_001_13,cus_001,2026-04-02,25,35,750,300,75.0
use_cus_001_14,cus_001,2026-04-09,25,35,750,300,75.0
use_cus_001_15,cus_001,2026-04-16,25,35,750,300,75.0
use_cus_001_16,cus_001,2026-04-23,25,35,750,300,75.0
use_cus_001_17,cus_001,2026-04-30,25,35,750,300,75.0
use_cus_001_18,cus_001,2026-05-07,25,35,750,300,75.0
use_cus_001_19,cus_001,2026-05-14,25,35,750,300,75.0
use_cus_001_20,cus_001,2026-05-21,25,35,750,300,75.0
use_cus_001_21,cus_001,2026-05-28,25,35,750,300,75.0
use_cus_001_22,cus_001,2026-06-04,25,35,750,300,75.0
use_cus_001_23,cus_001,2026-06-11,25,35,750,300,75.0
use_cus_001_24,cus_001,2026-06-18,25,35,750,300,75.0
use_cus_001_25,cus_001,2026-06-25,25,35,750,300,75.0
use_cus_002_0,cus_002,2026-01-01,25,35,750,300,75.0
use_cus_002_1,cus_002,2026-01-08,25,35,756,302,75.6
use_cus_002_2,cus_002,2026-01-15,25,35,762,304,76.2
use_cus_002_3,cus_002,2026-01-22,25,35,768,307,76.8
use_cus_002_4,cus_002,2026-01-29,25,35,774,309,77.4
use_cus_002_5,cus_002,2026-02-05,26,35,780,312,78.0
use_cus_002_6,cus_002,2026-02-12,26,35,786,314,78.6
use_cus_002_7,cus_002,2026-02-19,26,35,792,316,79.2
use_cus_002_8,cus_002,2026-02-26,26,35,798,319,79.8
use_cus_002_9,cus_002,2026-03-05,26,35,804,321,80.4
use_cus_002_10,cus_002,2026-03-12,27,35,810,324,81.0
use_cus_002_11,cus_002,2026-03-19,27,35,816,326,81.6
use_cus_002_12,cus_002,2026-03-26,27,35,822,328,82.2
use_cus_002_13,cus_002,2026-04-02,27,35,828,331,82.8
use_cus_002_14,cus_002,2026-04-09,27,35,834,333,83.4
use_cus_002_15,cus_002,2026-04-16,28,35,840,336,84.0
use_cus_002_16,cus_002,2026-04-23,28,35,846,338,84.6
use_cus_002_17,cus_002,2026-04-30,28,35,852,340,85.2
use_cus_002_18,cus_002,2026-05-07,28,35,858,343,85.8
use_cus_002_19,cus_002,2026-05-14,28,35,864,345,86.4
use_cus_002_20,cus_002,2026-05-21,29,35,870,348,87.0
use_cus_002_21,cus_002,2026-05-28,29,35,876,350,87.6
use_cus_002_22,cus_002,2026-06-04,29,35,882,352,88.2
use_cus_002_23,cus_002,2026-06-11,29,35,888,355,88.8
use_cus_002_24,cus_002,2026-06-18,29,35,894,357,89.4
use_cus_002_25,cus_002,2026-06-25,30,35,900,360,90.0
use_cus_003_0,cus_003,2026-01-01,25,35,750,300,75.0
use_cus_003_1,cus_003,2026-01-08,25,35,750,300,75.0
use_cus_003_2,cus_003,2026-01-15,25,35,750,300,75.0
use_cus_003_3,cus_003,2026-01-22,25,35,750,300,75.0
use_cus_003_4,cus_003,2026-01-29,25,35,750,300,75.0
use_cus_003_5,cus_003,2026-02-05,25,35,750,300,75.0
use_cus_003_6,cus_003,2026-02-12,25,35,750,300,75.0
use_cus_003_7,cus_003,2026-02-19,25,35,750,300,75.0
use_cus_003_8,cus_003,2026-02-26,25,35,750,300,75.0
use_cus_003_9,cus_003,2026-03-05,25,35,750,300,75.0
use_cus_003_10,cus_003,2026-03-12,25,35,750,300,75.0
use_cus_003_11,cus_003,2026-03-19,25,35,750,300,75.0
use_cus_003_12,cus_003,2026-03-26,25,35,750,300,75.0
use_cus_003_13,cus_003,2026-04-02,25,35,750,300,75.0
use_cus_003_14,cus_003,2026-04-09,25,35,750,300,75.0
use_cus_003_15,cus_003,2026-04-16,24,35,728,291,72.8
use_cus_003_16,cus_003,2026-04-23,23,35,706,282,70.6
use_cus_003_17,cus_003,2026-04-30,22,35,684,273,68.4
use_cus_003_18,cus_003,2026-05-07,22,35,662,264,66.2
use_cus_003_19,cus_003,2026-05-14,21,35,640,256,64.0
use_cus_003_20,cus_003,2026-05-21,20,35,618,247,61.8
use_cus_003_21,cus_003,2026-05-28,19,35,596,238,59.6
use_cus_003_22,cus_003,2026-06-04,19,35,574,229,57.4
use_cus_003_23,cus_003,2026-06-11,18,35,552,220,55.2
use_cus_003_24,cus_003,2026-06-18,17,35,530,212,53.0
use_cus_003_25,cus_003,2026-06-25,16,35,508,203,50.8
use_cus_004_0,cus_004,2026-01-01,25,35,750,300,75.0
use_cus_004_1,cus_004,2026-01-08,25,35,750,300,75.0
use_cus_004_2,cus_004,2026-01-15,25,35,750,300,75.0
use_cus_004_3,cus_004,2026-01-22,25,35,750,300,75.0
use_cus_004_4,cus_004,2026-01-29,25,35,750,300,75.0
use_cus_004_5,cus_004,2026-02-05,25,35,750,300,75.0
use_cus_004_6,cus_004,2026-02-12,25,35,750,300,75.0
use_cus_004_7,cus_004,2026-02-19,25,35,750,300,75.0
use_cus_004_8,cus_004,2026-02-26,25,35,750,300,75.0
use_cus_004_9,cus_004,2026-03-05,25,35,750,300,75.0
use_cus_004_10,cus_004,2026-03-12,25,35,750,300,75.0
use_cus_004_11,cus_004,2026-03-19,25,35,750,300,75.0
use_cus_004_12,cus_004,2026-03-26,25,35,750,300,75.0
use_cus_004_13,cus_004,2026-04-02,25,35,750,300,75.0
use_cus_004_14,cus_004,2026-04-09,25,35,750,300,75.0
use_cus_004_15,cus_004,2026-04-16,25,35,750,300,75.0
use_cus_004_16,cus_004,2026-04-23,25,35,750,300,75.0
use_cus_004_17,cus_004,2026-04-30,25,35,750,300,75.0
use_cus_004_18,cus_004,2026-05-07,25,35,750,300,75.0
use_cus_004_19,cus_004,2026-05-14,25,35,750,300,75.0
use_cus_004_20,cus_004,2026-05-21,25,35,750,300,75.0
use_cus_004_21,cus_004,2026-05-28,25,35,750,300,75.0
use_cus_004_22,cus_004,2026-06-04,25,35,750,300,75.0
use_cus_004_23,cus_004,2026-06-11,25,35,750,300,75.0
use_cus_004_24,cus_004,2026-06-18,25,35,750,300,75.0
use_cus_004_25,cus_004,2026-06-25,25,35,750,300,75.0
use_cus_005_0,cus_005,2026-01-01,25,35,750,300,75.0
use_cus_005_1,cus_005,2026-01-08,25,35,750,300,75.0
use_cus_005_2,cus_005,2026-01-15,25,35,750,300,75.0
use_cus_005_3,cus_005,2026-01-22,25,35,750,300,75.0
use_cus_005_4,cus_005,2026-01-29,25,35,750,300,75.0
use_cus_005_5,cus_005,2026-02-05,25,35,750,300,75.0
use_cus_005_6,cus_005,2026-02-12,25,35,750,300,75.0
use_cus_005_7,cus_005,2026-02-19,25,35,750,300,75.0
use_cus_005_8,cus_005,2026-02-26,25,35,750,300,75.0
use_cus_005_9,cus_005,2026-03-05,25,35,750,300,75.0
use_cus_005_10,cus_005,2026-03-12,25,35,750,300,75.0
use_cus_005_11,cus_005,2026-03-19,25,35,750,300,75.0
use_cus_005_12,cus_005,2026-03-26,25,35,750,300,75.0
use_cus_005_13,cus_005,2026-04-02,25,35,750,300,75.0
use_cus_005_14,cus_005,2026-04-09,25,35,750,300,75.0
use_cus_005_15,cus_005,2026-04-16,24,35,728,291,72.8
use_cus_005_16,cus_005,2026-04-23,23,35,706,282,70.6
use_cus_005_17,cus_005,2026-04-30,22,35,684,273,68.4
use_cus_005_18,cus_005,2026-05-07,22,35,662,264,66.2
use_cus_005_19,cus_005,2026-05-14,21,35,640,256,64.0
use_cus_005_20,cus_005,2026-05-21,20,35,618,247,61.8
use_cus_005_21,cus_005,2026-05-28,19,35,596,238,59.6
use_cus_005_22,cus_005,2026-06-04,19,35,574,229,57.4
use_cus_005_23,cus_005,2026-06-11,18,35,552,220,55.2
use_cus_005_24,cus_005,2026-06-18,17,35,530,212,53.0
use_cus_005_25,cus_005,2026-06-25,16,35,508,203,50.8
use_cus_006_0,cus_006,2026-01-01,25,35,750,300,75.0
use_cus_006_1,cus_006,2026-01-08,25,35,750,300,75.0
use_cus_006_2,cus_006,2026-01-15,25,35,750,300,75.0
use_cus_006_3,cus_006,2026-01-22,25,35,750,300,75.0
use_cus_006_4,cus_006,2026-01-29,25,35,750,300,75.0
use_cus_006_5,cus_006,2026-02-05,25,35,750,300,75.0
use_cus_006_6,cus_006,2026-02-12,25,35,750,300,75.0
use_cus_006_7,cus_006,2026-02-19,25,35,750,300,75.0
use_cus_006_8,cus_006,2026-02-26,25,35,750,300,75.0
use_cus_006_9,cus_006,2026-03-05,25,35,750,300,75.0
use_cus_006_10,cus_006,2026-03-12,25,35,750,300,75.0
use_cus_006_11,cus_006,2026-03-19,25,35,750,300,75.0
use_cus_006_12,cus_006,2026-03-26,25,35,750,300,75.0
use_cus_006_13,cus_006,2026-04-02,25,35,750,300,75.0
use_cus_006_14,cus_006,2026-04-09,25,35,750,300,75.0
use_cus_006_15,cus_006,2026-04-16,25,35,750,300,75.0
use_cus_006_16,cus_006,2026-04-23,25,35,750,300,75.0
use_cus_006_17,cus_006,2026-04-30,25,35,750,300,75.0
use_cus_006_18,cus_006,2026-05-07,25,35,750,300,75.0
use_cus_006_19,cus_006,2026-05-14,25,35,750,300,75.0
use_cus_006_20,cus_006,2026-05-21,25,35,750,300,75.0
use_cus_006_21,cus_006,2026-05-28,25,35,750,300,75.0
use_cus_006_22,cus_006,2026-06-04,25,35,750,300,75.0
use_cus_006_23,cus_006,2026-06-11,25,35,750,300,75.0
use_cus_006_24,cus_006,2026-06-18,25,35,750,300,75.0
use_cus_006_25,cus_006,2026-06-25,25,35,750,300,75.0
use_cus_007_0,cus_007,2026-01-01,25,35,750,300,75.0
use_cus_007_1,cus_007,2026-01-08,25,35,756,302,75.6
use_cus_007_2,cus_007,2026-01-15,25,35,762,304,76.2
use_cus_007_3,cus_007,2026-01-22,25,35,768,307,76.8
use_cus_007_4,cus_007,2026-01-29,25,35,774,309,77.4
use_cus_007_5,cus_007,2026-02-05,26,35,780,312,78.0
use_cus_007_6,cus_007,2026-02-12,26,35,786,314,78.6
use_cus_007_7,cus_007,2026-02-19,26,35,792,316,79.2
use_cus_007_8,cus_007,2026-02-26,26,35,798,319,79.8
use_cus_007_9,cus_007,2026-03-05,26,35,804,321,80.4
use_cus_007_10,cus_007,2026-03-12,27,35,810,324,81.0
use_cus_007_11,cus_007,2026-03-19,27,35,816,326,81.6
use_cus_007_12,cus_007,2026-03-26,27,35,822,328,82.2
use_cus_007_13,cus_007,2026-04-02,27,35,828,331,82.8
use_cus_007_14,cus_007,2026-04-09,27,35,834,333,83.4
use_cus_007_15,cus_007,2026-04-16,28,35,840,336,84.0
use_cus_007_16,cus_007,2026-04-23,28,35,846,338,84.6
use_cus_007_17,cus_007,2026-04-30,28,35,852,340,85.2
use_cus_007_18,cus_007,2026-05-07,28,35,858,343,85.8
use_cus_007_19,cus_007,2026-05-14,28,35,864,345,86.4
use_cus_007_20,cus_007,2026-05-21,29,35,870,348,87.0
use_cus_007_21,cus_007,2026-05-28,29,35,876,350,87.6
use_cus_007_22,cus_007,2026-06-04,29,35,882,352,88.2
use_cus_007_23,cus_007,2026-06-11,29,35,888,355,88.8
use_cus_007_24,cus_007,2026-06-18,29,35,894,357,89.4
use_cus_007_25,cus_007,2026-06-25,30,35,900,360,90.0
use_cus_008_0,cus_008,2026-01-01,25,35,750,300,75.0
use_cus_008_1,cus_008,2026-01-08,25,35,750,300,75.0
use_cus_008_2,cus_008,2026-01-15,25,35,750,300,75.0
use_cus_008_3,cus_008,2026-01-22,25,35,750,300,75.0
use_cus_008_4,cus_008,2026-01-29,25,35,750,300,75.0
use_cus_008_5,cus_008,2026-02-05,25,35,750,300,75.0
use_cus_008_6,cus_008,2026-02-12,25,35,750,300,75.0
use_cus_008_7,cus_008,2026-02-19,25,35,750,300,75.0
use_cus_008_8,cus_008,2026-02-26,25,35,750,300,75.0
use_cus_008_9,cus_008,2026-03-05,25,35,750,300,75.0
use_cus_008_10,cus_008,2026-03-12,25,35,750,300,75.0
use_cus_008_11,cus_008,2026-03-19,25,35,750,300,75.0
use_cus_008_12,cus_008,2026-03-26,25,35,750,300,75.0
use_cus_008_13,cus_008,2026-04-02,25,35,750,300,75.0
use_cus_008_14,cus_008,2026-04-09,25,35,750,300,75.0
use_cus_008_15,cus_008,2026-04-16,24,35,728,291,72.8
use_cus_008_16,cus_008,2026-04-23,23,35,706,282,70.6
use_cus_008_17,cus_008,2026-04-30,22,35,684,273,68.4
use_cus_008_18,cus_008,2026-05-07,22,35,662,264,66.2
use_cus_008_19,cus_008,2026-05-14,21,35,640,256,64.0
use_cus_008_20,cus_008,2026-05-21,20,35,618,247,61.8
use_cus_008_21,cus_008,2026-05-28,19,35,596,238,59.6
use_cus_008_22,cus_008,2026-06-04,19,35,574,229,57.4
use_cus_008_23,cus_008,2026-06-11,18,35,552,220,55.2
use_cus_008_24,cus_008,2026-06-18,17,35,530,212,53.0
use_cus_008_25,cus_008,2026-06-25,16,35,508,203,50.8
use_cus_009_0,cus_009,2026-01-01,25,35,750,300,75.0
use_cus_009_1,cus_009,2026-01-08,25,35,750,300,75.0
use_cus_009_2,cus_009,2026-01-15,25,35,750,300,75.0
use_cus_009_3,cus_009,2026-01-22,25,35,750,300,75.0
use_cus_009_4,cus_009,2026-01-29,25,35,750,300,75.0
use_cus_009_5,cus_009,2026-02-05,25,35,750,300,75.0
use_cus_009_6,cus_009,2026-02-12,25,35,750,300,75.0
use_cus_009_7,cus_009,2026-02-19,25,35,750,300,75.0
use_cus_009_8,cus_009,2026-02-26,25,35,750,300,75.0
use_cus_009_9,cus_009,2026-03-05,25,35,750,300,75.0
use_cus_009_10,cus_009,2026-03-12,25,35,750,300,75.0
use_cus_009_11,cus_009,2026-03-19,25,35,750,300,75.0
use_cus_009_12,cus_009,2026-03-26,25,35,750,300,75.0
use_cus_009_13,cus_009,2026-04-02,25,35,750,300,75.0
use_cus_009_14,cus_009,2026-04-09,25,35,750,300,75.0
use_cus_009_15,cus_009,2026-04-16,25,35,750,300,75.0
use_cus_009_16,cus_009,2026-04-23,25,35,750,300,75.0
use_cus_009_17,cus_009,2026-04-30,25,35,750,300,75.0
use_cus_009_18,cus_009,2026-05-07,25,35,750,300,75.0
use_cus_009_19,cus_009,2026-05-14,25,35,750,300,75.0
use_cus_009_20,cus_009,2026-05-21,25,35,750,300,75.0
use_cus_009_21,cus_009,2026-05-28,25,35,750,300,75.0
use_cus_009_22,cus_009,2026-06-04,25,35,750,300,75.0
use_cus_009_23,cus_009,2026-06-11,25,35,750,300,75.0
use_cus_009_24,cus_009,2026-06-18,25,35,750,300,75.0
use_cus_009_25,cus_009,2026-06-25,25,35,750,300,75.0
use_cus_010_0,cus_010,2026-01-01,25,35,750,300,75.0
use_cus_010_1,cus_010,2026-01-08,25,35,750,300,75.0
use_cus_010_2,cus_010,2026-01-15,25,35,750,300,75.0
use_cus_010_3,cus_010,2026-01-22,25,35,750,300,75.0
use_cus_010_4,cus_010,2026-01-29,25,35,750,300,75.0
use_cus_010_5,cus_010,2026-02-05,25,35,750,300,75.0
use_cus_010_6,cus_010,2026-02-12,25,35,750,300,75.0
use_cus_010_7,cus_010,2026-02-19,25,35,750,300,75.0
use_cus_010_8,cus_010,2026-02-26,25,35,750,300,75.0
use_cus_010_9,cus_010,2026-03-05,25,35,750,300,75.0
use_cus_010_10,cus_010,2026-03-12,25,35,750,300,75.0
use_cus_010_11,cus_010,2026-03-19,25,35,750,300,75.0
use_cus_010_12,cus_010,2026-03-26,25,35,750,300,75.0
use_cus_010_13,cus_010,2026-04-02,25,35,750,300,75.0
use_cus_010_14,cus_010,2026-04-09,25,35,750,300,75.0
use_cus_010_15,cus_010,2026-04-16,25,35,750,300,75.0
use_cus_010_16,cus_010,2026-04-23,25,35,750,300,75.0
use_cus_010_17,cus_010,2026-04-30,25,35,750,300,75.0
use_cus_010_18,cus_010,2026-05-07,25,35,750,300,75.0
use_cus_010_19,cus_010,2026-05-14,25,35,750,300,75.0
use_cus_010_20,cus_010,2026-05-21,25,35,750,300,75.0
use_cus_010_21,cus_010,2026-05-28,25,35,750,300,75.0
use_cus_010_22,cus_010,2026-06-04,25,35,750,300,75.0
use_cus_010_23,cus_010,2026-06-11,25,35,750,300,75.0
use_cus_010_24,cus_010,2026-06-18,25,35,750,300,75.0
use_cus_010_25,cus_010,2026-06-25,25,35,750,300,75.0
use_cus_011_0,cus_011,2026-01-01,25,35,750,300,75.0
use_cus_011_1,cus_011,2026-01-08,25,35,750,300,75.0
use_cus_011_2,cus_011,2026-01-15,25,35,750,300,75.0
use_cus_011_3,cus_011,2026-01-22,25,35,750,300,75.0
use_cus_011_4,cus_011,2026-01-29,25,35,750,300,75.0
use_cus_011_5,cus_011,2026-02-05,25,35,750,300,75.0
use_cus_011_6,cus_011,2026-02-12,25,35,750,300,75.0
use_cus_011_7,cus_011,2026-02-19,25,35,750,300,75.0
use_cus_011_8,cus_011,2026-02-26,25,35,750,300,75.0
use_cus_011_9,cus_011,2026-03-05,25,35,750,300,75.0
use_cus_011_10,cus_011,2026-03-12,25,35,750,300,75.0
use_cus_011_11,cus_011,2026-03-19,25,35,750,300,75.0
use_cus_011_12,cus_011,2026-03-26,25,35,750,300,75.0
use_cus_011_13,cus_011,2026-04-02,25,35,750,300,75.0
use_cus_011_14,cus_011,2026-04-09,25,35,750,300,75.0
use_cus_011_15,cus_011,2026-04-16,24,35,728,291,72.8
use_cus_011_16,cus_011,2026-04-23,23,35,706,282,70.6
use_cus_011_17,cus_011,2026-04-30,22,35,684,273,68.4
use_cus_011_18,cus_011,2026-05-07,22,35,662,264,66.2
use_cus_011_19,cus_011,2026-05-14,21,35,640,256,64.0
use_cus_011_20,cus_011,2026-05-21,20,35,618,247,61.8
use_cus_011_21,cus_011,2026-05-28,19,35,596,238,59.6
use_cus_011_22,cus_011,2026-06-04,19,35,574,229,57.4
use_cus_011_23,cus_011,2026-06-11,18,35,552,220,55.2
use_cus_011_24,cus_011,2026-06-18,17,35,530,212,53.0
use_cus_011_25,cus_011,2026-06-25,16,35,508,203,50.8
use_cus_012_0,cus_012,2026-01-01,25,35,750,300,75.0
use_cus_012_1,cus_012,2026-01-08,25,35,750,300,75.0
use_cus_012_2,cus_012,2026-01-15,25,35,750,300,75.0
use_cus_012_3,cus_012,2026-01-22,25,35,750,300,75.0
use_cus_012_4,cus_012,2026-01-29,25,35,750,300,75.0
use_cus_012_5,cus_012,2026-02-05,25,35,750,300,75.0
use_cus_012_6,cus_012,2026-02-12,25,35,750,300,75.0
use_cus_012_7,cus_012,2026-02-19,25,35,750,300,75.0
use_cus_012_8,cus_012,2026-02-26,25,35,750,300,75.0
use_cus_012_9,cus_012,2026-03-05,25,35,750,300,75.0
use_cus_012_10,cus_012,2026-03-12,25,35,750,300,75.0
use_cus_012_11,cus_012,2026-03-19,25,35,750,300,75.0
use_cus_012_12,cus_012,2026-03-26,25,35,750,300,75.0
use_cus_012_13,cus_012,2026-04-02,25,35,750,300,75.0
use_cus_012_14,cus_012,2026-04-09,25,35,750,300,75.0
use_cus_012_15,cus_012,2026-04-16,25,35,750,300,75.0
use_cus_012_16,cus_012,2026-04-23,25,35,750,300,75.0
use_cus_012_17,cus_012,2026-04-30,25,35,750,300,75.0
use_cus_012_18,cus_012,2026-05-07,25,35,750,300,75.0
use_cus_012_19,cus_012,2026-05-14,25,35,750,300,75.0
use_cus_012_20,cus_012,2026-05-21,25,35,750,300,75.0
use_cus_012_21,cus_012,2026-05-28,25,35,750,300,75.0
use_cus_012_22,cus_012,2026-06-04,25,35,750,300,75.0
use_cus_012_23,cus_012,2026-06-11,25,35,750,300,75.0
use_cus_012_24,cus_012,2026-06-18,25,35,750,300,75.0
use_cus_012_25,cus_012,2026-06-25,25,35,750,300,75.0
use_cus_013_0,cus_013,2026-01-01,20,35,600,240,60.0
use_cus_013_1,cus_013,2026-01-08,20,35,600,240,60.0
use_cus_013_2,cus_013,2026-01-15,20,35,600,240,60.0
use_cus_013_3,cus_013,2026-01-22,20,35,600,240,60.0
use_cus_013_4,cus_013,2026-01-29,20,35,600,240,60.0
use_cus_013_5,cus_013,2026-02-05,20,35,600,240,60.0
use_cus_013_6,cus_013,2026-02-12,20,35,600,240,60.0
use_cus_013_7,cus_013,2026-02-19,20,35,600,240,60.0
use_cus_013_8,cus_013,2026-02-26,20,35,600,240,60.0
use_cus_013_9,cus_013,2026-03-05,20,35,600,240,60.0
use_cus_013_10,cus_013,2026-03-12,20,35,600,240,60.0
use_cus_013_11,cus_013,2026-03-19,20,35,600,240,60.0
use_cus_013_12,cus_013,2026-03-26,20,35,600,240,60.0
use_cus_013_13,cus_013,2026-04-02,20,35,600,240,60.0
use_cus_013_14,cus_013,2026-04-09,20,35,600,240,60.0
use_cus_013_15,cus_013,2026-04-16,20,35,600,240,60.0
use_cus_013_16,cus_013,2026-04-23,20,35,600,240,60.0
use_cus_013_17,cus_013,2026-04-30,20,35,600,240,60.0
use_cus_013_18,cus_013,2026-05-07,20,35,600,240,60.0
use_cus_013_19,cus_013,2026-05-14,20,35,600,240,60.0
use_cus_013_20,cus_013,2026-05-21,20,35,600,240,60.0
use_cus_013_21,cus_013,2026-05-28,20,35,600,240,60.0
use_cus_013_22,cus_013,2026-06-04,20,35,600,240,60.0
use_cus_013_23,cus_013,2026-06-11,20,35,600,240,60.0
use_cus_013_24,cus_013,2026-06-18,20,35,600,240,60.0
use_cus_013_25,cus_013,2026-06-25,20,35,600,240,60.0
use_cus_014_0,cus_014,2026-01-01,20,35,600,240,60.0
use_cus_014_1,cus_014,2026-01-08,20,35,600,240,60.0
use_cus_014_2,cus_014,2026-01-15,20,35,600,240,60.0
use_cus_014_3,cus_014,2026-01-22,20,35,600,240,60.0
use_cus_014_4,cus_014,2026-01-29,20,35,600,240,60.0
use_cus_014_5,cus_014,2026-02-05,20,35,600,240,60.0
use_cus_014_6,cus_014,2026-02-12,20,35,600,240,60.0
use_cus_014_7,cus_014,2026-02-19,20,35,600,240,60.0
use_cus_014_8,cus_014,2026-02-26,20,35,600,240,60.0
use_cus_014_9,cus_014,2026-03-05,20,35,600,240,60.0
use_cus_014_10,cus_014,2026-03-12,20,35,600,240,60.0
use_cus_014_11,cus_014,2026-03-19,20,35,600,240,60.0
use_cus_014_12,cus_014,2026-03-26,20,35,600,240,60.0
use_cus_014_13,cus_014,2026-04-02,20,35,600,240,60.0
use_cus_014_14,cus_014,2026-04-09,20,35,600,240,60.0
use_cus_014_15,cus_014,2026-04-16,19,35,578,231,57.8
use_cus_014_16,cus_014,2026-04-23,18,35,556,222,55.6
use_cus_014_17,cus_014,2026-04-30,17,35,534,213,53.4
use_cus_014_18,cus_014,2026-05-07,17,35,512,204,51.2
use_cus_014_19,cus_014,2026-05-14,16,35,490,196,49.0
use_cus_014_20,cus_014,2026-05-21,15,35,468,187,46.8
use_cus_014_21,cus_014,2026-05-28,14,35,445,178,44.6
use_cus_014_22,cus_014,2026-06-04,14,35,424,169,42.4
use_cus_014_23,cus_014,2026-06-11,13,35,402,160,40.2
use_cus_014_24,cus_014,2026-06-18,12,35,380,152,38.0
use_cus_014_25,cus_014,2026-06-25,11,35,358,143,35.8
use_cus_015_0,cus_015,2026-01-01,20,35,600,240,60.0
use_cus_015_1,cus_015,2026-01-08,20,35,600,240,60.0
use_cus_015_2,cus_015,2026-01-15,20,35,600,240,60.0
use_cus_015_3,cus_015,2026-01-22,20,35,600,240,60.0
use_cus_015_4,cus_015,2026-01-29,20,35,600,240,60.0
use_cus_015_5,cus_015,2026-02-05,20,35,600,240,60.0
use_cus_015_6,cus_015,2026-02-12,20,35,600,240,60.0
use_cus_015_7,cus_015,2026-02-19,20,35,600,240,60.0
use_cus_015_8,cus_015,2026-02-26,20,35,600,240,60.0
use_cus_015_9,cus_015,2026-03-05,20,35,600,240,60.0
use_cus_015_10,cus_015,2026-03-12,20,35,600,240,60.0
use_cus_015_11,cus_015,2026-03-19,20,35,600,240,60.0
use_cus_015_12,cus_015,2026-03-26,20,35,600,240,60.0
use_cus_015_13,cus_015,2026-04-02,20,35,600,240,60.0
use_cus_015_14,cus_015,2026-04-09,20,35,600,240,60.0
use_cus_015_15,cus_015,2026-04-16,20,35,600,240,60.0
use_cus_015_16,cus_015,2026-04-23,20,35,600,240,60.0
use_cus_015_17,cus_015,2026-04-30,20,35,600,240,60.0
use_cus_015_18,cus_015,2026-05-07,20,35,600,240,60.0
use_cus_015_19,cus_015,2026-05-14,20,35,600,240,60.0
use_cus_015_20,cus_015,2026-05-21,20,35,600,240,60.0
use_cus_015_21,cus_015,2026-05-28,20,35,600,240,60.0
use_cus_015_22,cus_015,2026-06-04,20,35,600,240,60.0
use_cus_015_23,cus_015,2026-06-11,20,35,600,240,60.0
use_cus_015_24,cus_015,2026-06-18,20,35,600,240,60.0
use_cus_015_25,cus_015,2026-06-25,20,35,600,240,60.0
use_cus_016_0,cus_016,2026-01-01,20,35,600,240,60.0
use_cus_016_1,cus_016,2026-01-08,20,35,606,242,60.6
use_cus_016_2,cus_016,2026-01-15,20,35,612,244,61.2
use_cus_016_3,cus_016,2026-01-22,20,35,618,247,61.8
use_cus_016_4,cus_016,2026-01-29,20,35,624,249,62.4
use_cus_016_5,cus_016,2026-02-05,21,35,630,252,63.0
use_cus_016_6,cus_016,2026-02-12,21,35,636,254,63.6
use_cus_016_7,cus_016,2026-02-19,21,35,642,256,64.2
use_cus_016_8,cus_016,2026-02-26,21,35,648,259,64.8
use_cus_016_9,cus_016,2026-03-05,21,35,654,261,65.4
use_cus_016_10,cus_016,2026-03-12,22,35,660,264,66.0
use_cus_016_11,cus_016,2026-03-19,22,35,666,266,66.6
use_cus_016_12,cus_016,2026-03-26,22,35,672,268,67.2
use_cus_016_13,cus_016,2026-04-02,22,35,678,271,67.8
use_cus_016_14,cus_016,2026-04-09,22,35,684,273,68.4
use_cus_016_15,cus_016,2026-04-16,23,35,690,276,69.0
use_cus_016_16,cus_016,2026-04-23,23,35,696,278,69.6
use_cus_016_17,cus_016,2026-04-30,23,35,702,280,70.2
use_cus_016_18,cus_016,2026-05-07,23,35,708,283,70.8
use_cus_016_19,cus_016,2026-05-14,23,35,714,285,71.4
use_cus_016_20,cus_016,2026-05-21,24,35,720,288,72.0
use_cus_016_21,cus_016,2026-05-28,24,35,726,290,72.6
use_cus_016_22,cus_016,2026-06-04,24,35,732,292,73.2
use_cus_016_23,cus_016,2026-06-11,24,35,738,295,73.8
use_cus_016_24,cus_016,2026-06-18,24,35,744,297,74.4
use_cus_016_25,cus_016,2026-06-25,25,35,750,300,75.0
use_cus_017_0,cus_017,2026-01-01,20,35,600,240,60.0
use_cus_017_1,cus_017,2026-01-08,20,35,600,240,60.0
use_cus_017_2,cus_017,2026-01-15,20,35,600,240,60.0
use_cus_017_3,cus_017,2026-01-22,20,35,600,240,60.0
use_cus_017_4,cus_017,2026-01-29,20,35,600,240,60.0
use_cus_017_5,cus_017,2026-02-05,20,35,600,240,60.0
use_cus_017_6,cus_017,2026-02-12,20,35,600,240,60.0
use_cus_017_7,cus_017,2026-02-19,20,35,600,240,60.0
use_cus_017_8,cus_017,2026-02-26,20,35,600,240,60.0
use_cus_017_9,cus_017,2026-03-05,20,35,600,240,60.0
use_cus_017_10,cus_017,2026-03-12,20,35,600,240,60.0
use_cus_017_11,cus_017,2026-03-19,20,35,600,240,60.0
use_cus_017_12,cus_017,2026-03-26,20,35,600,240,60.0
use_cus_017_13,cus_017,2026-04-02,20,35,600,240,60.0
use_cus_017_14,cus_017,2026-04-09,20,35,600,240,60.0
use_cus_017_15,cus_017,2026-04-16,20,35,600,240,60.0
use_cus_017_16,cus_017,2026-04-23,20,35,600,240,60.0
use_cus_017_17,cus_017,2026-04-30,20,35,600,240,60.0
use_cus_017_18,cus_017,2026-05-07,20,35,600,240,60.0
use_cus_017_19,cus_017,2026-05-14,20,35,600,240,60.0
use_cus_017_20,cus_017,2026-05-21,20,35,600,240,60.0
use_cus_017_21,cus_017,2026-05-28,20,35,600,240,60.0
use_cus_017_22,cus_017,2026-06-04,20,35,600,240,60.0
use_cus_017_23,cus_017,2026-06-11,20,35,600,240,60.0
use_cus_017_24,cus_017,2026-06-18,20,35,600,240,60.0
use_cus_017_25,cus_017,2026-06-25,20,35,600,240,60.0
use_cus_018_0,cus_018,2026-01-01,20,35,600,240,60.0
use_cus_018_1,cus_018,2026-01-08,20,35,600,240,60.0
use_cus_018_2,cus_018,2026-01-15,20,35,600,240,60.0
use_cus_018_3,cus_018,2026-01-22,20,35,600,240,60.0
use_cus_018_4,cus_018,2026-01-29,20,35,600,240,60.0
use_cus_018_5,cus_018,2026-02-05,20,35,600,240,60.0
use_cus_018_6,cus_018,2026-02-12,20,35,600,240,60.0
use_cus_018_7,cus_018,2026-02-19,20,35,600,240,60.0
use_cus_018_8,cus_018,2026-02-26,20,35,600,240,60.0
use_cus_018_9,cus_018,2026-03-05,20,35,600,240,60.0
use_cus_018_10,cus_018,2026-03-12,20,35,600,240,60.0
use_cus_018_11,cus_018,2026-03-19,20,35,600,240,60.0
use_cus_018_12,cus_018,2026-03-26,20,35,600,240,60.0
use_cus_018_13,cus_018,2026-04-02,20,35,600,240,60.0
use_cus_018_14,cus_018,2026-04-09,20,35,600,240,60.0
use_cus_018_15,cus_018,2026-04-16,19,35,578,231,57.8
use_cus_018_16,cus_018,2026-04-23,18,35,556,222,55.6
use_cus_018_17,cus_018,2026-04-30,17,35,534,213,53.4
use_cus_018_18,cus_018,2026-05-07,17,35,512,204,51.2
use_cus_018_19,cus_018,2026-05-14,16,35,490,196,49.0
use_cus_018_20,cus_018,2026-05-21,15,35,468,187,46.8
use_cus_018_21,cus_018,2026-05-28,14,35,445,178,44.6
use_cus_018_22,cus_018,2026-06-04,14,35,424,169,42.4
use_cus_018_23,cus_018,2026-06-11,13,35,402,160,40.2
use_cus_018_24,cus_018,2026-06-18,12,35,380,152,38.0
use_cus_018_25,cus_018,2026-06-25,11,35,358,143,35.8
use_cus_019_0,cus_019,2026-01-01,20,35,600,240,60.0
use_cus_019_1,cus_019,2026-01-08,20,35,600,240,60.0
use_cus_019_2,cus_019,2026-01-15,20,35,600,240,60.0
use_cus_019_3,cus_019,2026-01-22,20,35,600,240,60.0
use_cus_019_4,cus_019,2026-01-29,20,35,600,240,60.0
use_cus_019_5,cus_019,2026-02-05,20,35,600,240,60.0
use_cus_019_6,cus_019,2026-02-12,20,35,600,240,60.0
use_cus_019_7,cus_019,2026-02-19,20,35,600,240,60.0
use_cus_019_8,cus_019,2026-02-26,20,35,600,240,60.0
use_cus_019_9,cus_019,2026-03-05,20,35,600,240,60.0
use_cus_019_10,cus_019,2026-03-12,20,35,600,240,60.0
use_cus_019_11,cus_019,2026-03-19,20,35,600,240,60.0
use_cus_019_12,cus_019,2026-03-26,20,35,600,240,60.0
use_cus_019_13,cus_019,2026-04-02,20,35,600,240,60.0
use_cus_019_14,cus_019,2026-04-09,20,35,600,240,60.0
use_cus_019_15,cus_019,2026-04-16,20,35,600,240,60.0
use_cus_019_16,cus_019,2026-04-23,20,35,600,240,60.0
use_cus_019_17,cus_019,2026-04-30,20,35,600,240,60.0
use_cus_019_18,cus_019,2026-05-07,20,35,600,240,60.0
use_cus_019_19,cus_019,2026-05-14,20,35,600,240,60.0
use_cus_019_20,cus_019,2026-05-21,20,35,600,240,60.0
use_cus_019_21,cus_019,2026-05-28,20,35,600,240,60.0
use_cus_019_22,cus_019,2026-06-04,20,35,600,240,60.0
use_cus_019_23,cus_019,2026-06-11,20,35,600,240,60.0
use_cus_019_24,cus_019,2026-06-18,20,35,600,240,60.0
use_cus_019_25,cus_019,2026-06-25,20,35,600,240,60.0
use_cus_020_0,cus_020,2026-01-01,20,35,600,240,60.0
use_cus_020_1,cus_020,2026-01-08,20,35,600,240,60.0
use_cus_020_2,cus_020,2026-01-15,20,35,600,240,60.0
use_cus_020_3,cus_020,2026-01-22,20,35,600,240,60.0
use_cus_020_4,cus_020,2026-01-29,20,35,600,240,60.0
use_cus_020_5,cus_020,2026-02-05,20,35,600,240,60.0
use_cus_020_6,cus_020,2026-02-12,20,35,600,240,60.0
use_cus_020_7,cus_020,2026-02-19,20,35,600,240,60.0
use_cus_020_8,cus_020,2026-02-26,20,35,600,240,60.0
use_cus_020_9,cus_020,2026-03-05,20,35,600,240,60.0
use_cus_020_10,cus_020,2026-03-12,20,35,600,240,60.0
use_cus_020_11,cus_020,2026-03-19,20,35,600,240,60.0
use_cus_020_12,cus_020,2026-03-26,20,35,600,240,60.0
use_cus_020_13,cus_020,2026-04-02,20,35,600,240,60.0
use_cus_020_14,cus_020,2026-04-09,20,35,600,240,60.0
use_cus_020_15,cus_020,2026-04-16,20,35,600,240,60.0
use_cus_020_16,cus_020,2026-04-23,20,35,600,240,60.0
use_cus_020_17,cus_020,2026-04-30,20,35,600,240,60.0
use_cus_020_18,cus_020,2026-05-07,20,35,600,240,60.0
use_cus_020_19,cus_020,2026-05-14,20,35,600,240,60.0
use_cus_020_20,cus_020,2026-05-21,20,35,600,240,60.0
use_cus_020_21,cus_020,2026-05-28,20,35,600,240,60.0
use_cus_020_22,cus_020,2026-06-04,20,35,600,240,60.0
use_cus_020_23,cus_020,2026-06-11,20,35,600,240,60.0
use_cus_020_24,cus_020,2026-06-18,20,35,600,240,60.0
use_cus_020_25,cus_020,2026-06-25,20,35,600,240,60.0
use_cus_021_0,cus_021,2026-01-01,20,35,600,240,60.0
use_cus_021_1,cus_021,2026-01-08,20,35,600,240,60.0
use_cus_021_2,cus_021,2026-01-15,20,35,600,240,60.0
use_cus_021_3,cus_021,2026-01-22,20,35,600,240,60.0
use_cus_021_4,cus_021,2026-01-29,20,35,600,240,60.0
use_cus_021_5,cus_021,2026-02-05,20,35,600,240,60.0
use_cus_021_6,cus_021,2026-02-12,20,35,600,240,60.0
use_cus_021_7,cus_021,2026-02-19,20,35,600,240,60.0
use_cus_021_8,cus_021,2026-02-26,20,35,600,240,60.0
use_cus_021_9,cus_021,2026-03-05,20,35,600,240,60.0
use_cus_021_10,cus_021,2026-03-12,20,35,600,240,60.0
use_cus_021_11,cus_021,2026-03-19,20,35,600,240,60.0
use_cus_021_12,cus_021,2026-03-26,20,35,600,240,60.0
use_cus_021_13,cus_021,2026-04-02,20,35,600,240,60.0
use_cus_021_14,cus_021,2026-04-09,20,35,600,240,60.0
use_cus_021_15,cus_021,2026-04-16,20,35,600,240,60.0
use_cus_021_16,cus_021,2026-04-23,20,35,600,240,60.0
use_cus_021_17,cus_021,2026-04-30,20,35,600,240,60.0
use_cus_021_18,cus_021,2026-05-07,20,35,600,240,60.0
use_cus_021_19,cus_021,2026-05-14,20,35,600,240,60.0
use_cus_021_20,cus_021,2026-05-21,20,35,600,240,60.0
use_cus_021_21,cus_021,2026-05-28,20,35,600,240,60.0
use_cus_021_22,cus_021,2026-06-04,20,35,600,240,60.0
use_cus_021_23,cus_021,2026-06-11,20,35,600,240,60.0
use_cus_021_24,cus_021,2026-06-18,20,35,600,240,60.0
use_cus_021_25,cus_021,2026-06-25,20,35,600,240,60.0
use_cus_022_0,cus_022,2026-01-01,20,35,600,240,60.0
use_cus_022_1,cus_022,2026-01-08,20,35,606,242,60.6
use_cus_022_2,cus_022,2026-01-15,20,35,612,244,61.2
use_cus_022_3,cus_022,2026-01-22,20,35,618,247,61.8
use_cus_022_4,cus_022,2026-01-29,20,35,624,249,62.4
use_cus_022_5,cus_022,2026-02-05,21,35,630,252,63.0
use_cus_022_6,cus_022,2026-02-12,21,35,636,254,63.6
use_cus_022_7,cus_022,2026-02-19,21,35,642,256,64.2
use_cus_022_8,cus_022,2026-02-26,21,35,648,259,64.8
use_cus_022_9,cus_022,2026-03-05,21,35,654,261,65.4
use_cus_022_10,cus_022,2026-03-12,22,35,660,264,66.0
use_cus_022_11,cus_022,2026-03-19,22,35,666,266,66.6
use_cus_022_12,cus_022,2026-03-26,22,35,672,268,67.2
use_cus_022_13,cus_022,2026-04-02,22,35,678,271,67.8
use_cus_022_14,cus_022,2026-04-09,22,35,684,273,68.4
use_cus_022_15,cus_022,2026-04-16,23,35,690,276,69.0
use_cus_022_16,cus_022,2026-04-23,23,35,696,278,69.6
use_cus_022_17,cus_022,2026-04-30,23,35,702,280,70.2
use_cus_022_18,cus_022,2026-05-07,23,35,708,283,70.8
use_cus_022_19,cus_022,2026-05-14,23,35,714,285,71.4
use_cus_022_20,cus_022,2026-05-21,24,35,720,288,72.0
use_cus_022_21,cus_022,2026-05-28,24,35,726,290,72.6
use_cus_022_22,cus_022,2026-06-04,24,35,732,292,73.2
use_cus_022_23,cus_022,2026-06-11,24,35,738,295,73.8
use_cus_022_24,cus_022,2026-06-18,24,35,744,297,74.4
use_cus_022_25,cus_022,2026-06-25,25,35,750,300,75.0
use_cus_023_0,cus_023,2026-01-01,20,35,600,240,60.0
use_cus_023_1,cus_023,2026-01-08,20,35,600,240,60.0
use_cus_023_2,cus_023,2026-01-15,20,35,600,240,60.0
use_cus_023_3,cus_023,2026-01-22,20,35,600,240,60.0
use_cus_023_4,cus_023,2026-01-29,20,35,600,240,60.0
use_cus_023_5,cus_023,2026-02-05,20,35,600,240,60.0
use_cus_023_6,cus_023,2026-02-12,20,35,600,240,60.0
use_cus_023_7,cus_023,2026-02-19,20,35,600,240,60.0
use_cus_023_8,cus_023,2026-02-26,20,35,600,240,60.0
use_cus_023_9,cus_023,2026-03-05,20,35,600,240,60.0
use_cus_023_10,cus_023,2026-03-12,20,35,600,240,60.0
use_cus_023_11,cus_023,2026-03-19,20,35,600,240,60.0
use_cus_023_12,cus_023,2026-03-26,20,35,600,240,60.0
use_cus_023_13,cus_023,2026-04-02,20,35,600,240,60.0
use_cus_023_14,cus_023,2026-04-09,20,35,600,240,60.0
use_cus_023_15,cus_023,2026-04-16,20,35,600,240,60.0
use_cus_023_16,cus_023,2026-04-23,20,35,600,240,60.0
use_cus_023_17,cus_023,2026-04-30,20,35,600,240,60.0
use_cus_023_18,cus_023,2026-05-07,20,35,600,240,60.0
use_cus_023_19,cus_023,2026-05-14,20,35,600,240,60.0
use_cus_023_20,cus_023,2026-05-21,20,35,600,240,60.0
use_cus_023_21,cus_023,2026-05-28,20,35,600,240,60.0
use_cus_023_22,cus_023,2026-06-04,20,35,600,240,60.0
use_cus_023_23,cus_023,2026-06-11,20,35,600,240,60.0
use_cus_023_24,cus_023,2026-06-18,20,35,600,240,60.0
use_cus_023_25,cus_023,2026-06-25,20,35,600,240,60.0
use_cus_024_0,cus_024,2026-01-01,20,35,600,240,60.0
use_cus_024_1,cus_024,2026-01-08,20,35,600,240,60.0
use_cus_024_2,cus_024,2026-01-15,20,35,600,240,60.0
use_cus_024_3,cus_024,2026-01-22,20,35,600,240,60.0
use_cus_024_4,cus_024,2026-01-29,20,35,600,240,60.0
use_cus_024_5,cus_024,2026-02-05,20,35,600,240,60.0
use_cus_024_6,cus_024,2026-02-12,20,35,600,240,60.0
use_cus_024_7,cus_024,2026-02-19,20,35,600,240,60.0
use_cus_024_8,cus_024,2026-02-26,20,35,600,240,60.0
use_cus_024_9,cus_024,2026-03-05,20,35,600,240,60.0
use_cus_024_10,cus_024,2026-03-12,20,35,600,240,60.0
use_cus_024_11,cus_024,2026-03-19,20,35,600,240,60.0
use_cus_024_12,cus_024,2026-03-26,20,35,600,240,60.0
use_cus_024_13,cus_024,2026-04-02,20,35,600,240,60.0
use_cus_024_14,cus_024,2026-04-09,20,35,600,240,60.0
use_cus_024_15,cus_024,2026-04-16,20,35,600,240,60.0
use_cus_024_16,cus_024,2026-04-23,20,35,600,240,60.0
use_cus_024_17,cus_024,2026-04-30,20,35,600,240,60.0
use_cus_024_18,cus_024,2026-05-07,20,35,600,240,60.0
use_cus_024_19,cus_024,2026-05-14,20,35,600,240,60.0
use_cus_024_20,cus_024,2026-05-21,20,35,600,240,60.0
use_cus_024_21,cus_024,2026-05-28,20,35,600,240,60.0
use_cus_024_22,cus_024,2026-06-04,20,35,600,240,60.0
use_cus_024_23,cus_024,2026-06-11,20,35,600,240,60.0
use_cus_024_24,cus_024,2026-06-18,20,35,600,240,60.0
use_cus_024_25,cus_024,2026-06-25,20,35,600,240,60.0
use_cus_025_0,cus_025,2026-01-01,15,35,450,180,45.0
use_cus_025_1,cus_025,2026-01-08,15,35,450,180,45.0
use_cus_025_2,cus_025,2026-01-15,15,35,450,180,45.0
use_cus_025_3,cus_025,2026-01-22,15,35,450,180,45.0
use_cus_025_4,cus_025,2026-01-29,15,35,450,180,45.0
use_cus_025_5,cus_025,2026-02-05,15,35,450,180,45.0
use_cus_025_6,cus_025,2026-02-12,15,35,450,180,45.0
use_cus_025_7,cus_025,2026-02-19,15,35,450,180,45.0
use_cus_025_8,cus_025,2026-02-26,15,35,450,180,45.0
use_cus_025_9,cus_025,2026-03-05,15,35,450,180,45.0
use_cus_025_10,cus_025,2026-03-12,15,35,450,180,45.0
use_cus_025_11,cus_025,2026-03-19,15,35,450,180,45.0
use_cus_025_12,cus_025,2026-03-26,15,35,450,180,45.0
use_cus_025_13,cus_025,2026-04-02,15,35,450,180,45.0
use_cus_025_14,cus_025,2026-04-09,15,35,450,180,45.0
use_cus_025_15,cus_025,2026-04-16,15,35,450,180,45.0
use_cus_025_16,cus_025,2026-04-23,15,35,450,180,45.0
use_cus_025_17,cus_025,2026-04-30,15,35,450,180,45.0
use_cus_025_18,cus_025,2026-05-07,15,35,450,180,45.0
use_cus_025_19,cus_025,2026-05-14,15,35,450,180,45.0
use_cus_025_20,cus_025,2026-05-21,15,35,450,180,45.0
use_cus_025_21,cus_025,2026-05-28,15,35,450,180,45.0
use_cus_025_22,cus_025,2026-06-04,15,35,450,180,45.0
use_cus_025_23,cus_025,2026-06-11,15,35,450,180,45.0
use_cus_025_24,cus_025,2026-06-18,15,35,450,180,45.0
use_cus_025_25,cus_025,2026-06-25,15,35,450,180,45.0
use_cus_026_0,cus_026,2026-01-01,15,35,450,180,45.0
use_cus_026_1,cus_026,2026-01-08,15,35,456,182,45.6
use_cus_026_2,cus_026,2026-01-15,15,35,462,184,46.2
use_cus_026_3,cus_026,2026-01-22,15,35,468,187,46.8
use_cus_026_4,cus_026,2026-01-29,15,35,474,189,47.4
use_cus_026_5,cus_026,2026-02-05,16,35,480,192,48.0
use_cus_026_6,cus_026,2026-02-12,16,35,486,194,48.6
use_cus_026_7,cus_026,2026-02-19,16,35,492,196,49.2
use_cus_026_8,cus_026,2026-02-26,16,35,498,199,49.8
use_cus_026_9,cus_026,2026-03-05,16,35,504,201,50.4
use_cus_026_10,cus_026,2026-03-12,17,35,510,204,51.0
use_cus_026_11,cus_026,2026-03-19,17,35,516,206,51.6
use_cus_026_12,cus_026,2026-03-26,17,35,522,208,52.2
use_cus_026_13,cus_026,2026-04-02,17,35,528,211,52.8
use_cus_026_14,cus_026,2026-04-09,17,35,534,213,53.4
use_cus_026_15,cus_026,2026-04-16,18,35,540,216,54.0
use_cus_026_16,cus_026,2026-04-23,18,35,546,218,54.6
use_cus_026_17,cus_026,2026-04-30,18,35,552,220,55.2
use_cus_026_18,cus_026,2026-05-07,18,35,558,223,55.8
use_cus_026_19,cus_026,2026-05-14,18,35,564,225,56.4
use_cus_026_20,cus_026,2026-05-21,19,35,570,228,57.0
use_cus_026_21,cus_026,2026-05-28,19,35,576,230,57.6
use_cus_026_22,cus_026,2026-06-04,19,35,582,232,58.2
use_cus_026_23,cus_026,2026-06-11,19,35,588,235,58.8
use_cus_026_24,cus_026,2026-06-18,19,35,594,237,59.4
use_cus_026_25,cus_026,2026-06-25,20,35,600,240,60.0
use_cus_027_0,cus_027,2026-01-01,15,35,450,180,45.0
use_cus_027_1,cus_027,2026-01-08,15,35,450,180,45.0
use_cus_027_2,cus_027,2026-01-15,15,35,450,180,45.0
use_cus_027_3,cus_027,2026-01-22,15,35,450,180,45.0
use_cus_027_4,cus_027,2026-01-29,15,35,450,180,45.0
use_cus_027_5,cus_027,2026-02-05,15,35,450,180,45.0
use_cus_027_6,cus_027,2026-02-12,15,35,450,180,45.0
use_cus_027_7,cus_027,2026-02-19,15,35,450,180,45.0
use_cus_027_8,cus_027,2026-02-26,15,35,450,180,45.0
use_cus_027_9,cus_027,2026-03-05,15,35,450,180,45.0
use_cus_027_10,cus_027,2026-03-12,15,35,450,180,45.0
use_cus_027_11,cus_027,2026-03-19,15,35,450,180,45.0
use_cus_027_12,cus_027,2026-03-26,15,35,450,180,45.0
use_cus_027_13,cus_027,2026-04-02,15,35,450,180,45.0
use_cus_027_14,cus_027,2026-04-09,15,35,450,180,45.0
use_cus_027_15,cus_027,2026-04-16,15,35,450,180,45.0
use_cus_027_16,cus_027,2026-04-23,15,35,450,180,45.0
use_cus_027_17,cus_027,2026-04-30,15,35,450,180,45.0
use_cus_027_18,cus_027,2026-05-07,15,35,450,180,45.0
use_cus_027_19,cus_027,2026-05-14,15,35,450,180,45.0
use_cus_027_20,cus_027,2026-05-21,15,35,450,180,45.0
use_cus_027_21,cus_027,2026-05-28,15,35,450,180,45.0
use_cus_027_22,cus_027,2026-06-04,15,35,450,180,45.0
use_cus_027_23,cus_027,2026-06-11,15,35,450,180,45.0
use_cus_027_24,cus_027,2026-06-18,15,35,450,180,45.0
use_cus_027_25,cus_027,2026-06-25,15,35,450,180,45.0
use_cus_028_0,cus_028,2026-01-01,15,35,450,180,45.0
use_cus_028_1,cus_028,2026-01-08,15,35,450,180,45.0
use_cus_028_2,cus_028,2026-01-15,15,35,450,180,45.0
use_cus_028_3,cus_028,2026-01-22,15,35,450,180,45.0
use_cus_028_4,cus_028,2026-01-29,15,35,450,180,45.0
use_cus_028_5,cus_028,2026-02-05,15,35,450,180,45.0
use_cus_028_6,cus_028,2026-02-12,15,35,450,180,45.0
use_cus_028_7,cus_028,2026-02-19,15,35,450,180,45.0
use_cus_028_8,cus_028,2026-02-26,15,35,450,180,45.0
use_cus_028_9,cus_028,2026-03-05,15,35,450,180,45.0
use_cus_028_10,cus_028,2026-03-12,15,35,450,180,45.0
use_cus_028_11,cus_028,2026-03-19,15,35,450,180,45.0
use_cus_028_12,cus_028,2026-03-26,15,35,450,180,45.0
use_cus_028_13,cus_028,2026-04-02,15,35,450,180,45.0
use_cus_028_14,cus_028,2026-04-09,15,35,450,180,45.0
use_cus_028_15,cus_028,2026-04-16,15,35,450,180,45.0
use_cus_028_16,cus_028,2026-04-23,15,35,450,180,45.0
use_cus_028_17,cus_028,2026-04-30,15,35,450,180,45.0
use_cus_028_18,cus_028,2026-05-07,15,35,450,180,45.0
use_cus_028_19,cus_028,2026-05-14,15,35,450,180,45.0
use_cus_028_20,cus_028,2026-05-21,15,35,450,180,45.0
use_cus_028_21,cus_028,2026-05-28,15,35,450,180,45.0
use_cus_028_22,cus_028,2026-06-04,15,35,450,180,45.0
use_cus_028_23,cus_028,2026-06-11,15,35,450,180,45.0
use_cus_028_24,cus_028,2026-06-18,15,35,450,180,45.0
use_cus_028_25,cus_028,2026-06-25,15,35,450,180,45.0
use_cus_029_0,cus_029,2026-01-01,15,35,450,180,45.0
use_cus_029_1,cus_029,2026-01-08,15,35,450,180,45.0
use_cus_029_2,cus_029,2026-01-15,15,35,450,180,45.0
use_cus_029_3,cus_029,2026-01-22,15,35,450,180,45.0
use_cus_029_4,cus_029,2026-01-29,15,35,450,180,45.0
use_cus_029_5,cus_029,2026-02-05,15,35,450,180,45.0
use_cus_029_6,cus_029,2026-02-12,15,35,450,180,45.0
use_cus_029_7,cus_029,2026-02-19,15,35,450,180,45.0
use_cus_029_8,cus_029,2026-02-26,15,35,450,180,45.0
use_cus_029_9,cus_029,2026-03-05,15,35,450,180,45.0
use_cus_029_10,cus_029,2026-03-12,15,35,450,180,45.0
use_cus_029_11,cus_029,2026-03-19,15,35,450,180,45.0
use_cus_029_12,cus_029,2026-03-26,15,35,450,180,45.0
use_cus_029_13,cus_029,2026-04-02,15,35,450,180,45.0
use_cus_029_14,cus_029,2026-04-09,15,35,450,180,45.0
use_cus_029_15,cus_029,2026-04-16,15,35,450,180,45.0
use_cus_029_16,cus_029,2026-04-23,15,35,450,180,45.0
use_cus_029_17,cus_029,2026-04-30,15,35,450,180,45.0
use_cus_029_18,cus_029,2026-05-07,15,35,450,180,45.0
use_cus_029_19,cus_029,2026-05-14,15,35,450,180,45.0
use_cus_029_20,cus_029,2026-05-21,15,35,450,180,45.0
use_cus_029_21,cus_029,2026-05-28,15,35,450,180,45.0
use_cus_029_22,cus_029,2026-06-04,15,35,450,180,45.0
use_cus_029_23,cus_029,2026-06-11,15,35,450,180,45.0
use_cus_029_24,cus_029,2026-06-18,15,35,450,180,45.0
use_cus_029_25,cus_029,2026-06-25,15,35,450,180,45.0
use_cus_030_0,cus_030,2026-01-01,15,35,450,180,45.0
use_cus_030_1,cus_030,2026-01-08,15,35,450,180,45.0
use_cus_030_2,cus_030,2026-01-15,15,35,450,180,45.0
use_cus_030_3,cus_030,2026-01-22,15,35,450,180,45.0
use_cus_030_4,cus_030,2026-01-29,15,35,450,180,45.0
use_cus_030_5,cus_030,2026-02-05,15,35,450,180,45.0
use_cus_030_6,cus_030,2026-02-12,15,35,450,180,45.0
use_cus_030_7,cus_030,2026-02-19,15,35,450,180,45.0
use_cus_030_8,cus_030,2026-02-26,15,35,450,180,45.0
use_cus_030_9,cus_030,2026-03-05,15,35,450,180,45.0
use_cus_030_10,cus_030,2026-03-12,15,35,450,180,45.0
use_cus_030_11,cus_030,2026-03-19,15,35,450,180,45.0
use_cus_030_12,cus_030,2026-03-26,15,35,450,180,45.0
use_cus_030_13,cus_030,2026-04-02,15,35,450,180,45.0
use_cus_030_14,cus_030,2026-04-09,15,35,450,180,45.0
use_cus_030_15,cus_030,2026-04-16,15,35,450,180,45.0
use_cus_030_16,cus_030,2026-04-23,15,35,450,180,45.0
use_cus_030_17,cus_030,2026-04-30,15,35,450,180,45.0
use_cus_030_18,cus_030,2026-05-07,15,35,450,180,45.0
use_cus_030_19,cus_030,2026-05-14,15,35,450,180,45.0
use_cus_030_20,cus_030,2026-05-21,15,35,450,180,45.0
use_cus_030_21,cus_030,2026-05-28,15,35,450,180,45.0
use_cus_030_22,cus_030,2026-06-04,15,35,450,180,45.0
use_cus_030_23,cus_030,2026-06-11,15,35,450,180,45.0
use_cus_030_24,cus_030,2026-06-18,15,35,450,180,45.0
use_cus_030_25,cus_030,2026-06-25,15,35,450,180,45.0
use_cus_031_0,cus_031,2026-01-01,15,35,450,180,45.0
use_cus_031_1,cus_031,2026-01-08,15,35,450,180,45.0
use_cus_031_2,cus_031,2026-01-15,15,35,450,180,45.0
use_cus_031_3,cus_031,2026-01-22,15,35,450,180,45.0
use_cus_031_4,cus_031,2026-01-29,15,35,450,180,45.0
use_cus_031_5,cus_031,2026-02-05,15,35,450,180,45.0
use_cus_031_6,cus_031,2026-02-12,15,35,450,180,45.0
use_cus_031_7,cus_031,2026-02-19,15,35,450,180,45.0
use_cus_031_8,cus_031,2026-02-26,15,35,450,180,45.0
use_cus_031_9,cus_031,2026-03-05,15,35,450,180,45.0
use_cus_031_10,cus_031,2026-03-12,15,35,450,180,45.0
use_cus_031_11,cus_031,2026-03-19,15,35,450,180,45.0
use_cus_031_12,cus_031,2026-03-26,15,35,450,180,45.0
use_cus_031_13,cus_031,2026-04-02,15,35,450,180,45.0
use_cus_031_14,cus_031,2026-04-09,15,35,450,180,45.0
use_cus_031_15,cus_031,2026-04-16,15,35,450,180,45.0
use_cus_031_16,cus_031,2026-04-23,15,35,450,180,45.0
use_cus_031_17,cus_031,2026-04-30,15,35,450,180,45.0
use_cus_031_18,cus_031,2026-05-07,15,35,450,180,45.0
use_cus_031_19,cus_031,2026-05-14,15,35,450,180,45.0
use_cus_031_20,cus_031,2026-05-21,15,35,450,180,45.0
use_cus_031_21,cus_031,2026-05-28,15,35,450,180,45.0
use_cus_031_22,cus_031,2026-06-04,15,35,450,180,45.0
use_cus_031_23,cus_031,2026-06-11,15,35,450,180,45.0
use_cus_031_24,cus_031,2026-06-18,15,35,450,180,45.0
use_cus_031_25,cus_031,2026-06-25,15,35,450,180,45.0
use_cus_032_0,cus_032,2026-01-01,15,35,450,180,45.0
use_cus_032_1,cus_032,2026-01-08,15,35,450,180,45.0
use_cus_032_2,cus_032,2026-01-15,15,35,450,180,45.0
use_cus_032_3,cus_032,2026-01-22,15,35,450,180,45.0
use_cus_032_4,cus_032,2026-01-29,15,35,450,180,45.0
use_cus_032_5,cus_032,2026-02-05,15,35,450,180,45.0
use_cus_032_6,cus_032,2026-02-12,15,35,450,180,45.0
use_cus_032_7,cus_032,2026-02-19,15,35,450,180,45.0
use_cus_032_8,cus_032,2026-02-26,15,35,450,180,45.0
use_cus_032_9,cus_032,2026-03-05,15,35,450,180,45.0
use_cus_032_10,cus_032,2026-03-12,15,35,450,180,45.0
use_cus_032_11,cus_032,2026-03-19,15,35,450,180,45.0
use_cus_032_12,cus_032,2026-03-26,15,35,450,180,45.0
use_cus_032_13,cus_032,2026-04-02,15,35,450,180,45.0
use_cus_032_14,cus_032,2026-04-09,15,35,450,180,45.0
use_cus_032_15,cus_032,2026-04-16,15,35,450,180,45.0
use_cus_032_16,cus_032,2026-04-23,15,35,450,180,45.0
use_cus_032_17,cus_032,2026-04-30,15,35,450,180,45.0
use_cus_032_18,cus_032,2026-05-07,15,35,450,180,45.0
use_cus_032_19,cus_032,2026-05-14,15,35,450,180,45.0
use_cus_032_20,cus_032,2026-05-21,15,35,450,180,45.0
use_cus_032_21,cus_032,2026-05-28,15,35,450,180,45.0
use_cus_032_22,cus_032,2026-06-04,15,35,450,180,45.0
use_cus_032_23,cus_032,2026-06-11,15,35,450,180,45.0
use_cus_032_24,cus_032,2026-06-18,15,35,450,180,45.0
use_cus_032_25,cus_032,2026-06-25,15,35,450,180,45.0
use_cus_033_0,cus_033,2026-01-01,15,35,450,180,45.0
use_cus_033_1,cus_033,2026-01-08,15,35,450,180,45.0
use_cus_033_2,cus_033,2026-01-15,15,35,450,180,45.0
use_cus_033_3,cus_033,2026-01-22,15,35,450,180,45.0
use_cus_033_4,cus_033,2026-01-29,15,35,450,180,45.0
use_cus_033_5,cus_033,2026-02-05,15,35,450,180,45.0
use_cus_033_6,cus_033,2026-02-12,15,35,450,180,45.0
use_cus_033_7,cus_033,2026-02-19,15,35,450,180,45.0
use_cus_033_8,cus_033,2026-02-26,15,35,450,180,45.0
use_cus_033_9,cus_033,2026-03-05,15,35,450,180,45.0
use_cus_033_10,cus_033,2026-03-12,15,35,450,180,45.0
use_cus_033_11,cus_033,2026-03-19,15,35,450,180,45.0
use_cus_033_12,cus_033,2026-03-26,15,35,450,180,45.0
use_cus_033_13,cus_033,2026-04-02,15,35,450,180,45.0
use_cus_033_14,cus_033,2026-04-09,15,35,450,180,45.0
use_cus_033_15,cus_033,2026-04-16,15,35,450,180,45.0
use_cus_033_16,cus_033,2026-04-23,15,35,450,180,45.0
use_cus_033_17,cus_033,2026-04-30,15,35,450,180,45.0
use_cus_033_18,cus_033,2026-05-07,15,35,450,180,45.0
use_cus_033_19,cus_033,2026-05-14,15,35,450,180,45.0
use_cus_033_20,cus_033,2026-05-21,15,35,450,180,45.0
use_cus_033_21,cus_033,2026-05-28,15,35,450,180,45.0
use_cus_033_22,cus_033,2026-06-04,15,35,450,180,45.0
use_cus_033_23,cus_033,2026-06-11,15,35,450,180,45.0
use_cus_033_24,cus_033,2026-06-18,15,35,450,180,45.0
use_cus_033_25,cus_033,2026-06-25,15,35,450,180,45.0
use_cus_034_0,cus_034,2026-01-01,15,35,450,180,45.0
use_cus_034_1,cus_034,2026-01-08,15,35,450,180,45.0
use_cus_034_2,cus_034,2026-01-15,15,35,450,180,45.0
use_cus_034_3,cus_034,2026-01-22,15,35,450,180,45.0
use_cus_034_4,cus_034,2026-01-29,15,35,450,180,45.0
use_cus_034_5,cus_034,2026-02-05,15,35,450,180,45.0
use_cus_034_6,cus_034,2026-02-12,15,35,450,180,45.0
use_cus_034_7,cus_034,2026-02-19,15,35,450,180,45.0
use_cus_034_8,cus_034,2026-02-26,15,35,450,180,45.0
use_cus_034_9,cus_034,2026-03-05,15,35,450,180,45.0
use_cus_034_10,cus_034,2026-03-12,15,35,450,180,45.0
use_cus_034_11,cus_034,2026-03-19,15,35,450,180,45.0
use_cus_034_12,cus_034,2026-03-26,15,35,450,180,45.0
use_cus_034_13,cus_034,2026-04-02,15,35,450,180,45.0
use_cus_034_14,cus_034,2026-04-09,15,35,450,180,45.0
use_cus_034_15,cus_034,2026-04-16,15,35,450,180,45.0
use_cus_034_16,cus_034,2026-04-23,15,35,450,180,45.0
use_cus_034_17,cus_034,2026-04-30,15,35,450,180,45.0
use_cus_034_18,cus_034,2026-05-07,15,35,450,180,45.0
use_cus_034_19,cus_034,2026-05-14,15,35,450,180,45.0
use_cus_034_20,cus_034,2026-05-21,15,35,450,180,45.0
use_cus_034_21,cus_034,2026-05-28,15,35,450,180,45.0
use_cus_034_22,cus_034,2026-06-04,15,35,450,180,45.0
use_cus_034_23,cus_034,2026-06-11,15,35,450,180,45.0
use_cus_034_24,cus_034,2026-06-18,15,35,450,180,45.0
use_cus_034_25,cus_034,2026-06-25,15,35,450,180,45.0
use_cus_035_0,cus_035,2026-01-01,15,35,450,180,45.0
use_cus_035_1,cus_035,2026-01-08,15,35,450,180,45.0
use_cus_035_2,cus_035,2026-01-15,15,35,450,180,45.0
use_cus_035_3,cus_035,2026-01-22,15,35,450,180,45.0
use_cus_035_4,cus_035,2026-01-29,15,35,450,180,45.0
use_cus_035_5,cus_035,2026-02-05,15,35,450,180,45.0
use_cus_035_6,cus_035,2026-02-12,15,35,450,180,45.0
use_cus_035_7,cus_035,2026-02-19,15,35,450,180,45.0
use_cus_035_8,cus_035,2026-02-26,15,35,450,180,45.0
use_cus_035_9,cus_035,2026-03-05,15,35,450,180,45.0
use_cus_035_10,cus_035,2026-03-12,15,35,450,180,45.0
use_cus_035_11,cus_035,2026-03-19,15,35,450,180,45.0
use_cus_035_12,cus_035,2026-03-26,15,35,450,180,45.0
use_cus_035_13,cus_035,2026-04-02,15,35,450,180,45.0
use_cus_035_14,cus_035,2026-04-09,15,35,450,180,45.0
use_cus_035_15,cus_035,2026-04-16,15,35,450,180,45.0
use_cus_035_16,cus_035,2026-04-23,15,35,450,180,45.0
use_cus_035_17,cus_035,2026-04-30,15,35,450,180,45.0
use_cus_035_18,cus_035,2026-05-07,15,35,450,180,45.0
use_cus_035_19,cus_035,2026-05-14,15,35,450,180,45.0
use_cus_035_20,cus_035,2026-05-21,15,35,450,180,45.0
use_cus_035_21,cus_035,2026-05-28,15,35,450,180,45.0
use_cus_035_22,cus_035,2026-06-04,15,35,450,180,45.0
use_cus_035_23,cus_035,2026-06-11,15,35,450,180,45.0
use_cus_035_24,cus_035,2026-06-18,15,35,450,180,45.0
use_cus_035_25,cus_035,2026-06-25,15,35,450,180,45.0
use_cus_036_0,cus_036,2026-01-01,15,35,450,180,45.0
use_cus_036_1,cus_036,2026-01-08,15,35,450,180,45.0
use_cus_036_2,cus_036,2026-01-15,15,35,450,180,45.0
use_cus_036_3,cus_036,2026-01-22,15,35,450,180,45.0
use_cus_036_4,cus_036,2026-01-29,15,35,450,180,45.0
use_cus_036_5,cus_036,2026-02-05,15,35,450,180,45.0
use_cus_036_6,cus_036,2026-02-12,15,35,450,180,45.0
use_cus_036_7,cus_036,2026-02-19,15,35,450,180,45.0
use_cus_036_8,cus_036,2026-02-26,15,35,450,180,45.0
use_cus_036_9,cus_036,2026-03-05,15,35,450,180,45.0
use_cus_036_10,cus_036,2026-03-12,15,35,450,180,45.0
use_cus_036_11,cus_036,2026-03-19,15,35,450,180,45.0
use_cus_036_12,cus_036,2026-03-26,15,35,450,180,45.0
use_cus_036_13,cus_036,2026-04-02,15,35,450,180,45.0
use_cus_036_14,cus_036,2026-04-09,15,35,450,180,45.0
use_cus_036_15,cus_036,2026-04-16,15,35,450,180,45.0
use_cus_036_16,cus_036,2026-04-23,15,35,450,180,45.0
use_cus_036_17,cus_036,2026-04-30,15,35,450,180,45.0
use_cus_036_18,cus_036,2026-05-07,15,35,450,180,45.0
use_cus_036_19,cus_036,2026-05-14,15,35,450,180,45.0
use_cus_036_20,cus_036,2026-05-21,15,35,450,180,45.0
use_cus_036_21,cus_036,2026-05-28,15,35,450,180,45.0
use_cus_036_22,cus_036,2026-06-04,15,35,450,180,45.0
use_cus_036_23,cus_036,2026-06-11,15,35,450,180,45.0
use_cus_036_24,cus_036,2026-06-18,15,35,450,180,45.0
use_cus_036_25,cus_036,2026-06-25,15,35,450,180,45.0
